--Row 1
INSERT INTO CAMION (NOIMMATRIC, DATEACHAT, MODELE, MARQUE) VALUES ('236CKV95',to_date('12/12/2000', 'DD/MM/YYYY'),'Sprinter','Mercedes');
--Row 2
INSERT INTO CAMION (NOIMMATRIC, DATEACHAT, MODELE, MARQUE) VALUES ('257DEF95',to_date('12/12/2000', 'DD/MM/YYYY'),'Sprinter','Mercedes');
--Row 3
INSERT INTO CAMION (NOIMMATRIC, DATEACHAT, MODELE, MARQUE) VALUES ('357BAS95',to_date('08/04/2004', 'DD/MM/YYYY'),'Master','Renault');
--Row 4
INSERT INTO CAMION (NOIMMATRIC, DATEACHAT, MODELE, MARQUE) VALUES ('763OPE95',to_date('16/04/2004', 'DD/MM/YYYY'),'Master','Renault');
--Row 5
INSERT INTO CAMION (NOIMMATRIC, DATEACHAT, MODELE, MARQUE) VALUES ('124FAK95',to_date('13/09/2006', 'DD/MM/YYYY'),'ZE','Renault');
--Row 6
INSERT INTO CAMION (NOIMMATRIC, DATEACHAT, MODELE, MARQUE) VALUES ('658SQL95',to_date('04/10/2010', 'DD/MM/YYYY'),'TGL','Man');
--Row 7
INSERT INTO CAMION (NOIMMATRIC, DATEACHAT, MODELE, MARQUE) VALUES ('532DFC95',to_date('04/10/2010', 'DD/MM/YYYY'),'TGL','Man');
--Row 8
INSERT INTO CAMION (NOIMMATRIC, DATEACHAT, MODELE, MARQUE) VALUES ('602LKS95',to_date('04/10/2010', 'DD/MM/YYYY'),'TGL','Man');
--Row 1
INSERT INTO CENTRETRAITEMENT (NOCENTRE, NOMCENTRE, NORUECENTRE, RUECENTRE, CPOSTALCENTRE, VILLECENTRE) VALUES (SEQ_CENTRE.nextval,'Centre Bourdin',23,'rue des Accassias',95800,'Jouy-le-Moutier');
--Row 2
INSERT INTO CENTRETRAITEMENT (NOCENTRE, NOMCENTRE, NORUECENTRE, RUECENTRE, CPOSTALCENTRE, VILLECENTRE) VALUES (SEQ_CENTRE.nextval,'Prorecycle',218,'Avenue des ponts',75019,'Paris');
--Row 3
INSERT INTO CENTRETRAITEMENT (NOCENTRE, NOMCENTRE, NORUECENTRE, RUECENTRE, CPOSTALCENTRE, VILLECENTRE) VALUES (SEQ_CENTRE.nextval,'Revie',56,'allée des Sycomores',94400,'Vitry-sur-Seine');
--Row 4
INSERT INTO CENTRETRAITEMENT (NOCENTRE, NOMCENTRE, NORUECENTRE, RUECENTRE, CPOSTALCENTRE, VILLECENTRE) VALUES (SEQ_CENTRE.nextval,'Deuxième Vie',36,'rue des grands espoirs',94490,'Ivry');
--Row 5
INSERT INTO CENTRETRAITEMENT (NOCENTRE, NOMCENTRE, NORUECENTRE, RUECENTRE, CPOSTALCENTRE, VILLECENTRE) VALUES (SEQ_CENTRE.nextval,'Neo',78,'Boulevard Jourdan',95000,'Cergy');
--Row 1
INSERT INTO TYPEDECHET (NOTYPEDECHET, NOMTYPEDECHET, NIV_DANGER) VALUES (SEQ_TYPEDECHET.nextval,'Papier',0);
--Row 2
INSERT INTO TYPEDECHET (NOTYPEDECHET, NOMTYPEDECHET, NIV_DANGER) VALUES (SEQ_TYPEDECHET.nextval,'Verre',1);
--Row 3
INSERT INTO TYPEDECHET (NOTYPEDECHET, NOMTYPEDECHET, NIV_DANGER) VALUES (SEQ_TYPEDECHET.nextval,'Plastique',0);
--Row 4
INSERT INTO TYPEDECHET (NOTYPEDECHET, NOMTYPEDECHET, NIV_DANGER) VALUES (SEQ_TYPEDECHET.nextval,'Luminaires',1);
--Row 5
INSERT INTO TYPEDECHET (NOTYPEDECHET, NOMTYPEDECHET, NIV_DANGER) VALUES (SEQ_TYPEDECHET.nextval,'Piles',2);
--Row 6
INSERT INTO TYPEDECHET (NOTYPEDECHET, NOMTYPEDECHET, NIV_DANGER) VALUES (SEQ_TYPEDECHET.nextval,'Encre',0);
--Row 7
INSERT INTO TYPEDECHET (NOTYPEDECHET, NOMTYPEDECHET, NIV_DANGER) VALUES (SEQ_TYPEDECHET.nextval,'Métal',0);
--Row 8
INSERT INTO TYPEDECHET (NOTYPEDECHET, NOMTYPEDECHET, NIV_DANGER) VALUES (SEQ_TYPEDECHET.nextval,'Déchets verts',0);
--Row 9
INSERT INTO TYPEDECHET (NOTYPEDECHET, NOMTYPEDECHET, NIV_DANGER) VALUES (SEQ_TYPEDECHET.nextval,'Gravats',0);
--Row 10
INSERT INTO TYPEDECHET (NOTYPEDECHET, NOMTYPEDECHET, NIV_DANGER) VALUES (SEQ_TYPEDECHET.nextval,'Appareils électriques',2);
--Row 11
INSERT INTO TYPEDECHET (NOTYPEDECHET, NOMTYPEDECHET, NIV_DANGER) VALUES (SEQ_TYPEDECHET.nextval,'Huile et peinture',5);
--Row 12
INSERT INTO TYPEDECHET (NOTYPEDECHET, NOMTYPEDECHET, NIV_DANGER) VALUES (SEQ_TYPEDECHET.nextval,'Aérosols',5);
--Row 1
INSERT INTO EMPLOYE (NOEMPLOYE, NOM, PRENOM, DATENAISS, DATEEMBAUCHE, SALAIRE, FONCTION) VALUES (seq_employe.nextval,'Dupond','Marc',to_date('18/01/1970', 'DD/MM/YYYY'),to_date('25/12/2003', 'DD/MM/YYYY'),1300,'chauffeur');
--Row 2
INSERT INTO EMPLOYE (NOEMPLOYE, NOM, PRENOM, DATENAISS, DATEEMBAUCHE, SALAIRE, FONCTION) VALUES (seq_employe.nextval,'Larby','Antoine',to_date('22/03/1979', 'DD/MM/YYYY'),to_date('12/05/2005', 'DD/MM/YYYY'),1500,'chauffeur');
--Row 3
INSERT INTO EMPLOYE (NOEMPLOYE, NOM, PRENOM, DATENAISS, DATEEMBAUCHE, SALAIRE, FONCTION) VALUES (seq_employe.nextval,'Zevallos','Juliana',to_date('05/07/1980', 'DD/MM/YYYY'),to_date('30/03/1999', 'DD/MM/YYYY'),2000,'secrétaire');
--Row 4
INSERT INTO EMPLOYE (NOEMPLOYE, NOM, PRENOM, DATENAISS, DATEEMBAUCHE, SALAIRE, FONCTION) VALUES (seq_employe.nextval,'Randal','Didier',to_date('11/11/1975', 'DD/MM/YYYY'),to_date('25/02/2000', 'DD/MM/YYYY'),1500,'chauffeur');
--Row 5
INSERT INTO EMPLOYE (NOEMPLOYE, NOM, PRENOM, DATENAISS, DATEEMBAUCHE, SALAIRE, FONCTION) VALUES (seq_employe.nextval,'Delhaye','Marcus',to_date('14/12/1968', 'DD/MM/YYYY'),to_date('31/07/2000', 'DD/MM/YYYY'),1550,'chauffeur');
--Row 6
INSERT INTO EMPLOYE (NOEMPLOYE, NOM, PRENOM, DATENAISS, DATEEMBAUCHE, SALAIRE, FONCTION) VALUES (seq_employe.nextval,'Simon','Daniel',to_date('29/03/1962', 'DD/MM/YYYY'),to_date('16/07/2004', 'DD/MM/YYYY'),2000,'directeur');
--Row 7
INSERT INTO EMPLOYE (NOEMPLOYE, NOM, PRENOM, DATENAISS, DATEEMBAUCHE, SALAIRE, FONCTION) VALUES (seq_employe.nextval,'Anders','Marie-Laure',to_date('16/06/1968', 'DD/MM/YYYY'),to_date('26/09/2001', 'DD/MM/YYYY'),1900,'contrôleur');
--Row 1
INSERT INTO ENTREPRISE (SIRET, RAISONSOCIALE, NORUEENTR, RUEENTR, CPOSTALENTR, VILLEENTR, NOTEL, CONTACT) VALUES (12345678900001,'Energym',10,'Boulevard de Pontoise',95000,'Pontoise','0134205236','Mme servant');
--Row 2
INSERT INTO ENTREPRISE (SIRET, RAISONSOCIALE, NORUEENTR, RUEENTR, CPOSTALENTR, VILLEENTR, NOTEL, CONTACT) VALUES (23456789010002,'La clé des champs',18,'Rue des Nouvelles',95490,'Vauréal','0135615879','M Fourdan');
--Row 3
INSERT INTO ENTREPRISE (SIRET, RAISONSOCIALE, NORUEENTR, RUEENTR, CPOSTALENTR, VILLEENTR, NOTEL, CONTACT) VALUES (34567890120003,'Formalys',145,'rue des Allouettes',78000,'Saint Germain','0136579321','M Cresdon');
--Row 4
INSERT INTO ENTREPRISE (SIRET, RAISONSOCIALE, NORUEENTR, RUEENTR, CPOSTALENTR, VILLEENTR, NOTEL, CONTACT) VALUES (48334367900013,'Cartoooche',84,'avenue de la République',75011,'Paris','0135201895','M Dun');
--Row 5
INSERT INTO ENTREPRISE (SIRET, RAISONSOCIALE, NORUEENTR, RUEENTR, CPOSTALENTR, VILLEENTR, NOTEL, CONTACT) VALUES (39116278100044,'Propack',140,'rue du faubourg Saint Honoré',75008,'Paris','0135206598','M Corall');
--Row 6
INSERT INTO ENTREPRISE (SIRET, RAISONSOCIALE, NORUEENTR, RUEENTR, CPOSTALENTR, VILLEENTR, NOTEL, CONTACT) VALUES (38221444300014,'Mavick',32,'rue du Général Beuret',75015,'Paris','0136548790','M Dravick');
--Row 7
INSERT INTO ENTREPRISE (SIRET, RAISONSOCIALE, NORUEENTR, RUEENTR, CPOSTALENTR, VILLEENTR, NOTEL, CONTACT) VALUES (38310924600025,'Aqualia',26,'rue Nicolai',7512,'Paris','0135659875','M Brilat');
--Row 8
INSERT INTO ENTREPRISE (SIRET, RAISONSOCIALE, NORUEENTR, RUEENTR, CPOSTALENTR, VILLEENTR, NOTEL, CONTACT) VALUES (33041607400038,'Perenco',7,'rue de logelbach',75017,'Paris','0135879632','Mme Vandenberck');
--Row 9
INSERT INTO ENTREPRISE (SIRET, RAISONSOCIALE, NORUEENTR, RUEENTR, CPOSTALENTR, VILLEENTR, NOTEL, CONTACT) VALUES (41167102700059,'Caroil',51,'rue Anjou',75008,'Paris','0135647562','M Durand');
--Row 10
INSERT INTO ENTREPRISE (SIRET, RAISONSOCIALE, NORUEENTR, RUEENTR, CPOSTALENTR, VILLEENTR, NOTEL, CONTACT) VALUES (38238166300014,'Atelier Joel',135,'Boulevard de Sebastopol',75002,'Paris','0136546874','M Fractur');
--Row 11
INSERT INTO ENTREPRISE (SIRET, RAISONSOCIALE, NORUEENTR, RUEENTR, CPOSTALENTR, VILLEENTR, NOTEL, CONTACT) VALUES (33364631300010,'Ciambelli',12,'rue Dauphine',75006,'Paris','0135213258','M Dactibne');
--Row 12
INSERT INTO ENTREPRISE (SIRET, RAISONSOCIALE, NORUEENTR, RUEENTR, CPOSTALENTR, VILLEENTR, NOTEL, CONTACT) VALUES (41392116400013,'Antada',3,'rue du colonel Moll',75017,'Paris','0134542655','M Martin');
--Row 13
INSERT INTO ENTREPRISE (SIRET, RAISONSOCIALE, NORUEENTR, RUEENTR, CPOSTALENTR, VILLEENTR, NOTEL, CONTACT) VALUES (42382805200013,'AJLC',18,'rue Saint Ferdinand',75017,'Paris','0135213265','Mme Lutin');
--Row 14
INSERT INTO ENTREPRISE (SIRET, RAISONSOCIALE, NORUEENTR, RUEENTR, CPOSTALENTR, VILLEENTR, NOTEL, CONTACT) VALUES (38248452500037,'Tyfatou',103,'rue de Rennes',75006,'Paris','0135213658','M Detallis');
--Row 15
INSERT INTO ENTREPRISE (SIRET, RAISONSOCIALE, NORUEENTR, RUEENTR, CPOSTALENTR, VILLEENTR, NOTEL, CONTACT) VALUES (38219696200064,'Arkanorum',27,'rue de Linne',75005,'Paris','0134206741','Mme Lorginel');
--Row 1
INSERT INTO TOURNEE (NOTOURNEE, DATETOURNEE, NOIMMATRIC, NOEMPLOYE) VALUES (SEQ_TOURNEE.nextval,to_date('03/09/2018', 'DD/MM/YYYY'),'236CKV95',1);
--Row 2
INSERT INTO TOURNEE (NOTOURNEE, DATETOURNEE, NOIMMATRIC, NOEMPLOYE) VALUES (SEQ_TOURNEE.nextval,to_date('03/09/2018', 'DD/MM/YYYY'),'257DEF95',2);
--Row 3
INSERT INTO TOURNEE (NOTOURNEE, DATETOURNEE, NOIMMATRIC, NOEMPLOYE) VALUES (SEQ_TOURNEE.nextval,to_date('03/09/2018', 'DD/MM/YYYY'),'357BAS95',3);
--Row 4
INSERT INTO TOURNEE (NOTOURNEE, DATETOURNEE, NOIMMATRIC, NOEMPLOYE) VALUES (SEQ_TOURNEE.nextval,to_date('03/09/2018', 'DD/MM/YYYY'),'763OPE95',4);
--Row 5
INSERT INTO TOURNEE (NOTOURNEE, DATETOURNEE, NOIMMATRIC, NOEMPLOYE) VALUES (SEQ_TOURNEE.nextval,to_date('03/09/2018', 'DD/MM/YYYY'),'124FAK95',5);
--Row 6
INSERT INTO TOURNEE (NOTOURNEE, DATETOURNEE, NOIMMATRIC, NOEMPLOYE) VALUES (SEQ_TOURNEE.nextval,to_date('03/09/2018', 'DD/MM/YYYY'),'658SQL95',6);
--Row 7
INSERT INTO TOURNEE (NOTOURNEE, DATETOURNEE, NOIMMATRIC, NOEMPLOYE) VALUES (SEQ_TOURNEE.nextval,to_date('03/09/2018', 'DD/MM/YYYY'),'532DFC95',7);
--Row 8
INSERT INTO TOURNEE (NOTOURNEE, DATETOURNEE, NOIMMATRIC, NOEMPLOYE) VALUES (SEQ_TOURNEE.nextval,to_date('20/09/2018', 'DD/MM/YYYY'),'257DEF95',1);
--Row 9
INSERT INTO TOURNEE (NOTOURNEE, DATETOURNEE, NOIMMATRIC, NOEMPLOYE) VALUES (SEQ_TOURNEE.nextval,to_date('20/09/2018', 'DD/MM/YYYY'),'357BAS95',2);
--Row 10
INSERT INTO TOURNEE (NOTOURNEE, DATETOURNEE, NOIMMATRIC, NOEMPLOYE) VALUES (SEQ_TOURNEE.nextval,to_date('20/09/2018', 'DD/MM/YYYY'),'763OPE95',3);
--Row 11
INSERT INTO TOURNEE (NOTOURNEE, DATETOURNEE, NOIMMATRIC, NOEMPLOYE) VALUES (SEQ_TOURNEE.nextval,to_date('20/09/2018', 'DD/MM/YYYY'),'124FAK95',4);
--Row 12
INSERT INTO TOURNEE (NOTOURNEE, DATETOURNEE, NOIMMATRIC, NOEMPLOYE) VALUES (SEQ_TOURNEE.nextval,to_date('21/09/2018', 'DD/MM/YYYY'),'658SQL95',6);
--Row 13
INSERT INTO TOURNEE (NOTOURNEE, DATETOURNEE, NOIMMATRIC, NOEMPLOYE) VALUES (SEQ_TOURNEE.nextval,to_date('21/09/2018', 'DD/MM/YYYY'),'532DFC95',7);
--Row 14
INSERT INTO TOURNEE (NOTOURNEE, DATETOURNEE, NOIMMATRIC, NOEMPLOYE) VALUES (SEQ_TOURNEE.nextval,to_date('27/09/2018', 'DD/MM/YYYY'),'257DEF95',7);
--Row 15
INSERT INTO TOURNEE (NOTOURNEE, DATETOURNEE, NOIMMATRIC, NOEMPLOYE) VALUES (SEQ_TOURNEE.nextval,to_date('27/09/2018', 'DD/MM/YYYY'),'357BAS95',5);
--Row 16
INSERT INTO TOURNEE (NOTOURNEE, DATETOURNEE, NOIMMATRIC, NOEMPLOYE) VALUES (SEQ_TOURNEE.nextval,to_date('27/09/2018', 'DD/MM/YYYY'),'763OPE95',3);
--Row 17
INSERT INTO TOURNEE (NOTOURNEE, DATETOURNEE, NOIMMATRIC, NOEMPLOYE) VALUES (SEQ_TOURNEE.nextval,to_date('30/09/2018', 'DD/MM/YYYY'),'124FAK95',2);
--Row 18
INSERT INTO TOURNEE (NOTOURNEE, DATETOURNEE, NOIMMATRIC, NOEMPLOYE) VALUES (SEQ_TOURNEE.nextval,to_date('30/09/2018', 'DD/MM/YYYY'),'658SQL95',1);
--Row 19
INSERT INTO TOURNEE (NOTOURNEE, DATETOURNEE, NOIMMATRIC, NOEMPLOYE) VALUES (SEQ_TOURNEE.nextval,to_date('30/09/2018', 'DD/MM/YYYY'),'532DFC95',4);
--Row 20
INSERT INTO TOURNEE (NOTOURNEE, DATETOURNEE, NOIMMATRIC, NOEMPLOYE) VALUES (SEQ_TOURNEE.nextval,to_date('04/10/2018', 'DD/MM/YYYY'),'257DEF95',4);
--Row 21
INSERT INTO TOURNEE (NOTOURNEE, DATETOURNEE, NOIMMATRIC, NOEMPLOYE) VALUES (SEQ_TOURNEE.nextval,to_date('04/10/2018', 'DD/MM/YYYY'),'357BAS95',6);
--Row 22
INSERT INTO TOURNEE (NOTOURNEE, DATETOURNEE, NOIMMATRIC, NOEMPLOYE) VALUES (SEQ_TOURNEE.nextval,to_date('10/10/2018', 'DD/MM/YYYY'),'763OPE95',7);
--Row 23
INSERT INTO TOURNEE (NOTOURNEE, DATETOURNEE, NOIMMATRIC, NOEMPLOYE) VALUES (SEQ_TOURNEE.nextval,to_date('10/10/2018', 'DD/MM/YYYY'),'124FAK95',5);
--Row 24
INSERT INTO TOURNEE (NOTOURNEE, DATETOURNEE, NOIMMATRIC, NOEMPLOYE) VALUES (SEQ_TOURNEE.nextval,to_date('10/10/2018', 'DD/MM/YYYY'),'658SQL95',3);
--Row 25
INSERT INTO TOURNEE (NOTOURNEE, DATETOURNEE, NOIMMATRIC, NOEMPLOYE) VALUES (SEQ_TOURNEE.nextval,to_date('10/10/2018', 'DD/MM/YYYY'),'532DFC95',2);
--Row 26
INSERT INTO TOURNEE (NOTOURNEE, DATETOURNEE, NOIMMATRIC, NOEMPLOYE) VALUES (SEQ_TOURNEE.nextval,to_date('15/10/2018', 'DD/MM/YYYY'),'257DEF95',2);
--Row 27
INSERT INTO TOURNEE (NOTOURNEE, DATETOURNEE, NOIMMATRIC, NOEMPLOYE) VALUES (SEQ_TOURNEE.nextval,to_date('15/10/2018', 'DD/MM/YYYY'),'357BAS95',1);
--Row 28
INSERT INTO TOURNEE (NOTOURNEE, DATETOURNEE, NOIMMATRIC, NOEMPLOYE) VALUES (SEQ_TOURNEE.nextval,to_date('15/10/2018', 'DD/MM/YYYY'),'763OPE95',4);
--Row 29
INSERT INTO TOURNEE (NOTOURNEE, DATETOURNEE, NOIMMATRIC, NOEMPLOYE) VALUES (SEQ_TOURNEE.nextval,to_date('20/10/2018', 'DD/MM/YYYY'),'124FAK95',6);
--Row 30
INSERT INTO TOURNEE (NOTOURNEE, DATETOURNEE, NOIMMATRIC, NOEMPLOYE) VALUES (SEQ_TOURNEE.nextval,to_date('20/10/2018', 'DD/MM/YYYY'),'658SQL95',7);
--Row 31
INSERT INTO TOURNEE (NOTOURNEE, DATETOURNEE, NOIMMATRIC, NOEMPLOYE) VALUES (SEQ_TOURNEE.nextval,to_date('20/10/2018', 'DD/MM/YYYY'),'532DFC95',3);
--Row 1
INSERT INTO DEMANDE (NODEMANDE, DATEDEMANDE, DATEENLEVEMENT, WEB_O_N, SIRET, NOTOURNEE) VALUES (SEQ_DEMANDE.nextval,to_date('25/08/2018', 'DD/MM/YYYY'),to_date('01/09/2018', 'DD/MM/YYYY'),'N',12345678900001,1);
--Row 2
INSERT INTO DEMANDE (NODEMANDE, DATEDEMANDE, DATEENLEVEMENT, WEB_O_N, SIRET, NOTOURNEE) VALUES (SEQ_DEMANDE.nextval,to_date('23/08/2018', 'DD/MM/YYYY'),to_date('01/09/2018', 'DD/MM/YYYY'),'N',48334367900013,1);
--Row 3
INSERT INTO DEMANDE (NODEMANDE, DATEDEMANDE, DATEENLEVEMENT, WEB_O_N, SIRET, NOTOURNEE) VALUES (SEQ_DEMANDE.nextval,to_date('23/08/2018', 'DD/MM/YYYY'),to_date('01/09/2018', 'DD/MM/YYYY'),'N',33364631300010,1);
--Row 4
INSERT INTO DEMANDE (NODEMANDE, DATEDEMANDE, DATEENLEVEMENT, WEB_O_N, SIRET, NOTOURNEE) VALUES (SEQ_DEMANDE.nextval,to_date('15/08/2018', 'DD/MM/YYYY'),to_date('25/08/2018', 'DD/MM/YYYY'),'O',38310924600025,2);
--Row 5
INSERT INTO DEMANDE (NODEMANDE, DATEDEMANDE, DATEENLEVEMENT, WEB_O_N, SIRET, NOTOURNEE) VALUES (SEQ_DEMANDE.nextval,to_date('15/08/2018', 'DD/MM/YYYY'),to_date('26/08/2018', 'DD/MM/YYYY'),'N',41167102700059,2);
--Row 6
INSERT INTO DEMANDE (NODEMANDE, DATEDEMANDE, DATEENLEVEMENT, WEB_O_N, SIRET, NOTOURNEE) VALUES (SEQ_DEMANDE.nextval,to_date('10/08/2018', 'DD/MM/YYYY'),to_date('20/08/2018', 'DD/MM/YYYY'),'O',38238166300014,3);
--Row 7
INSERT INTO DEMANDE (NODEMANDE, DATEDEMANDE, DATEENLEVEMENT, WEB_O_N, SIRET, NOTOURNEE) VALUES (SEQ_DEMANDE.nextval,to_date('10/08/2018', 'DD/MM/YYYY'),to_date('18/08/2018', 'DD/MM/YYYY'),'O',41167102700059,3);
--Row 8
INSERT INTO DEMANDE (NODEMANDE, DATEDEMANDE, DATEENLEVEMENT, WEB_O_N, SIRET, NOTOURNEE) VALUES (SEQ_DEMANDE.nextval,to_date('12/08/2018', 'DD/MM/YYYY'),to_date('16/08/2019', 'DD/MM/YYYY'),'N',38219696200064,4);
--Row 9
INSERT INTO DEMANDE (NODEMANDE, DATEDEMANDE, DATEENLEVEMENT, WEB_O_N, SIRET, NOTOURNEE) VALUES (SEQ_DEMANDE.nextval,to_date('12/08/2018', 'DD/MM/YYYY'),to_date('15/08/2019', 'DD/MM/YYYY'),'O',42382805200013,4);
--Row 10
INSERT INTO DEMANDE (NODEMANDE, DATEDEMANDE, DATEENLEVEMENT, WEB_O_N, SIRET, NOTOURNEE) VALUES (SEQ_DEMANDE.nextval,to_date('13/08/2018', 'DD/MM/YYYY'),to_date('16/08/2019', 'DD/MM/YYYY'),'O',33041607400038,4);
--Row 11
INSERT INTO DEMANDE (NODEMANDE, DATEDEMANDE, DATEENLEVEMENT, WEB_O_N, SIRET, NOTOURNEE) VALUES (SEQ_DEMANDE.nextval,to_date('13/08/2018', 'DD/MM/YYYY'),to_date('17/08/2019', 'DD/MM/YYYY'),'N',38221444300014,4);
--Row 12
INSERT INTO DEMANDE (NODEMANDE, DATEDEMANDE, DATEENLEVEMENT, WEB_O_N, SIRET, NOTOURNEE) VALUES (SEQ_DEMANDE.nextval,to_date('08/08/2018', 'DD/MM/YYYY'),to_date('12/08/2018', 'DD/MM/YYYY'),'N',12345678900001,5);
--Row 13
INSERT INTO DEMANDE (NODEMANDE, DATEDEMANDE, DATEENLEVEMENT, WEB_O_N, SIRET, NOTOURNEE) VALUES (SEQ_DEMANDE.nextval,to_date('08/08/2018', 'DD/MM/YYYY'),to_date('13/08/2018', 'DD/MM/YYYY'),'N',48334367900013,5);
--Row 14
INSERT INTO DEMANDE (NODEMANDE, DATEDEMANDE, DATEENLEVEMENT, WEB_O_N, SIRET, NOTOURNEE) VALUES (SEQ_DEMANDE.nextval,to_date('03/08/2018', 'DD/MM/YYYY'),to_date('10/08/2018', 'DD/MM/YYYY'),'O',34567890120003,6);
--Row 15
INSERT INTO DEMANDE (NODEMANDE, DATEDEMANDE, DATEENLEVEMENT, WEB_O_N, SIRET, NOTOURNEE) VALUES (SEQ_DEMANDE.nextval,to_date('03/08/2018', 'DD/MM/YYYY'),to_date('10/08/2018', 'DD/MM/YYYY'),'O',23456789010002,6);
--Row 16
INSERT INTO DEMANDE (NODEMANDE, DATEDEMANDE, DATEENLEVEMENT, WEB_O_N, SIRET, NOTOURNEE) VALUES (SEQ_DEMANDE.nextval,to_date('03/08/2018', 'DD/MM/YYYY'),to_date('16/08/2018', 'DD/MM/YYYY'),'N',38219696200064,7);
--Row 17
INSERT INTO DEMANDE (NODEMANDE, DATEDEMANDE, DATEENLEVEMENT, WEB_O_N, SIRET, NOTOURNEE) VALUES (SEQ_DEMANDE.nextval,to_date('03/08/2018', 'DD/MM/YYYY'),to_date('16/08/2018', 'DD/MM/YYYY'),'N',42382805200013,7);
--Row 18
INSERT INTO DEMANDE (NODEMANDE, DATEDEMANDE, DATEENLEVEMENT, WEB_O_N, SIRET, NOTOURNEE) VALUES (SEQ_DEMANDE.nextval,to_date('02/09/2018', 'DD/MM/YYYY'),to_date('20/09/2018', 'DD/MM/YYYY'),'N',38219696200064,1);
--Row 19
INSERT INTO DEMANDE (NODEMANDE, DATEDEMANDE, DATEENLEVEMENT, WEB_O_N, SIRET, NOTOURNEE) VALUES (SEQ_DEMANDE.nextval,to_date('02/09/2018', 'DD/MM/YYYY'),to_date('15/09/2018', 'DD/MM/YYYY'),'N',38248452500037,2);
--Row 20
INSERT INTO DEMANDE (NODEMANDE, DATEDEMANDE, DATEENLEVEMENT, WEB_O_N, SIRET, NOTOURNEE) VALUES (SEQ_DEMANDE.nextval,to_date('02/09/2018', 'DD/MM/YYYY'),to_date('15/09/2018', 'DD/MM/YYYY'),'N',33364631300010,3);
--Row 21
INSERT INTO DEMANDE (NODEMANDE, DATEDEMANDE, DATEENLEVEMENT, WEB_O_N, SIRET, NOTOURNEE) VALUES (SEQ_DEMANDE.nextval,to_date('02/09/2018', 'DD/MM/YYYY'),to_date('20/09/2018', 'DD/MM/YYYY'),'N',38238166300014,4);
--Row 22
INSERT INTO DEMANDE (NODEMANDE, DATEDEMANDE, DATEENLEVEMENT, WEB_O_N, SIRET, NOTOURNEE) VALUES (SEQ_DEMANDE.nextval,to_date('11/09/2018', 'DD/MM/YYYY'),to_date('20/09/2018', 'DD/MM/YYYY'),'O',39116278100044,6);
--Row 23
INSERT INTO DEMANDE (NODEMANDE, DATEDEMANDE, DATEENLEVEMENT, WEB_O_N, SIRET, NOTOURNEE) VALUES (SEQ_DEMANDE.nextval,to_date('11/09/2018', 'DD/MM/YYYY'),to_date('21/09/2018', 'DD/MM/YYYY'),'O',38221444300014,7);
--Row 24
INSERT INTO DEMANDE (NODEMANDE, DATEDEMANDE, DATEENLEVEMENT, WEB_O_N, SIRET, NOTOURNEE) VALUES (SEQ_DEMANDE.nextval,to_date('17/09/2018', 'DD/MM/YYYY'),to_date('25/09/2018', 'DD/MM/YYYY'),'O',48334367900013,7);
--Row 25
INSERT INTO DEMANDE (NODEMANDE, DATEDEMANDE, DATEENLEVEMENT, WEB_O_N, SIRET, NOTOURNEE) VALUES (SEQ_DEMANDE.nextval,to_date('17/09/2018', 'DD/MM/YYYY'),to_date('25/09/2018', 'DD/MM/YYYY'),'N',39116278100044,5);
--Row 26
INSERT INTO DEMANDE (NODEMANDE, DATEDEMANDE, DATEENLEVEMENT, WEB_O_N, SIRET, NOTOURNEE) VALUES (SEQ_DEMANDE.nextval,to_date('17/09/2018', 'DD/MM/YYYY'),to_date('27/09/2018', 'DD/MM/YYYY'),'N',38310924600025,3);
--Row 27
INSERT INTO DEMANDE (NODEMANDE, DATEDEMANDE, DATEENLEVEMENT, WEB_O_N, SIRET, NOTOURNEE) VALUES (SEQ_DEMANDE.nextval,to_date('20/09/2018', 'DD/MM/YYYY'),to_date('30/09/2018', 'DD/MM/YYYY'),'N',42382805200013,2);
--Row 28
INSERT INTO DEMANDE (NODEMANDE, DATEDEMANDE, DATEENLEVEMENT, WEB_O_N, SIRET, NOTOURNEE) VALUES (SEQ_DEMANDE.nextval,to_date('20/09/2018', 'DD/MM/YYYY'),to_date('30/09/2018', 'DD/MM/YYYY'),'N',39116278100044,1);
--Row 29
INSERT INTO DEMANDE (NODEMANDE, DATEDEMANDE, DATEENLEVEMENT, WEB_O_N, SIRET, NOTOURNEE) VALUES (SEQ_DEMANDE.nextval,to_date('20/09/2018', 'DD/MM/YYYY'),to_date('30/09/2018', 'DD/MM/YYYY'),'O',38221444300014,4);
--Row 30
INSERT INTO DEMANDE (NODEMANDE, DATEDEMANDE, DATEENLEVEMENT, WEB_O_N, SIRET, NOTOURNEE) VALUES (SEQ_DEMANDE.nextval,to_date('28/09/2018', 'DD/MM/YYYY'),to_date('01/10/2018', 'DD/MM/YYYY'),'N',38219696200064,4);
--Row 31
INSERT INTO DEMANDE (NODEMANDE, DATEDEMANDE, DATEENLEVEMENT, WEB_O_N, SIRET, NOTOURNEE) VALUES (SEQ_DEMANDE.nextval,to_date('01/10/2018', 'DD/MM/YYYY'),to_date('04/10/2018', 'DD/MM/YYYY'),'N',38248452500037,6);
--Row 32
INSERT INTO DEMANDE (NODEMANDE, DATEDEMANDE, DATEENLEVEMENT, WEB_O_N, SIRET, NOTOURNEE) VALUES (SEQ_DEMANDE.nextval,to_date('02/10/2018', 'DD/MM/YYYY'),to_date('10/10/2018', 'DD/MM/YYYY'),'N',12345678900001,7);
--Row 33
INSERT INTO DEMANDE (NODEMANDE, DATEDEMANDE, DATEENLEVEMENT, WEB_O_N, SIRET, NOTOURNEE) VALUES (SEQ_DEMANDE.nextval,to_date('02/10/2018', 'DD/MM/YYYY'),to_date('10/10/2018', 'DD/MM/YYYY'),'N',34567890120003,5);
--Row 34
INSERT INTO DEMANDE (NODEMANDE, DATEDEMANDE, DATEENLEVEMENT, WEB_O_N, SIRET, NOTOURNEE) VALUES (SEQ_DEMANDE.nextval,to_date('04/10/2018', 'DD/MM/YYYY'),to_date('10/10/2018', 'DD/MM/YYYY'),'O',39116278100044,3);
--Row 35
INSERT INTO DEMANDE (NODEMANDE, DATEDEMANDE, DATEENLEVEMENT, WEB_O_N, SIRET, NOTOURNEE) VALUES (SEQ_DEMANDE.nextval,to_date('04/10/2018', 'DD/MM/YYYY'),to_date('10/10/2018', 'DD/MM/YYYY'),'O',38221444300014,2);
--Row 36
INSERT INTO DEMANDE (NODEMANDE, DATEDEMANDE, DATEENLEVEMENT, WEB_O_N, SIRET, NOTOURNEE) VALUES (SEQ_DEMANDE.nextval,to_date('09/10/2018', 'DD/MM/YYYY'),to_date('15/10/2018', 'DD/MM/YYYY'),'N',38238166300014,2);
--Row 37
INSERT INTO DEMANDE (NODEMANDE, DATEDEMANDE, DATEENLEVEMENT, WEB_O_N, SIRET, NOTOURNEE) VALUES (SEQ_DEMANDE.nextval,to_date('10/10/2018', 'DD/MM/YYYY'),to_date('15/10/2018', 'DD/MM/YYYY'),'N',38221444300014,1);
--Row 38
INSERT INTO DEMANDE (NODEMANDE, DATEDEMANDE, DATEENLEVEMENT, WEB_O_N, SIRET, NOTOURNEE) VALUES (SEQ_DEMANDE.nextval,to_date('11/10/2018', 'DD/MM/YYYY'),to_date('15/10/2018', 'DD/MM/YYYY'),'O',33041607400038,4);
--Row 39
INSERT INTO DEMANDE (NODEMANDE, DATEDEMANDE, DATEENLEVEMENT, WEB_O_N, SIRET, NOTOURNEE) VALUES (SEQ_DEMANDE.nextval,to_date('14/10/2018', 'DD/MM/YYYY'),to_date('20/10/2018', 'DD/MM/YYYY'),'N',41167102700059,6);
--Row 40
INSERT INTO DEMANDE (NODEMANDE, DATEDEMANDE, DATEENLEVEMENT, WEB_O_N, SIRET, NOTOURNEE) VALUES (SEQ_DEMANDE.nextval,to_date('15/10/2018', 'DD/MM/YYYY'),to_date('20/10/2018', 'DD/MM/YYYY'),'N',38248452500037,7);
--Row 41
INSERT INTO DEMANDE (NODEMANDE, DATEDEMANDE, DATEENLEVEMENT, WEB_O_N, SIRET, NOTOURNEE) VALUES (SEQ_DEMANDE.nextval,to_date('14/10/2018', 'DD/MM/YYYY'),to_date('20/10/2018', 'DD/MM/YYYY'),'O',38238166300014,3);
--Row 42
INSERT INTO DEMANDE (NODEMANDE, DATEDEMANDE, DATEENLEVEMENT, WEB_O_N, SIRET, NOTOURNEE) VALUES (SEQ_DEMANDE.nextval,to_date('10/11/2018', 'DD/MM/YYYY'),to_date('16/11/2018', 'DD/MM/YYYY'),'N',39116278100044,NULL);
--Row 43
INSERT INTO DEMANDE (NODEMANDE, DATEDEMANDE, DATEENLEVEMENT, WEB_O_N, SIRET, NOTOURNEE) VALUES (SEQ_DEMANDE.nextval,to_date('10/11/2018', 'DD/MM/YYYY'),to_date('16/11/2018', 'DD/MM/YYYY'),'N',33364631300010,NULL);
--Row 1
INSERT INTO DETAILDEMANDE (QUANTITEENLEVEE, NODEMANDE, NOTYPEDECHET) VALUES (120,1,1);
--Row 2
INSERT INTO DETAILDEMANDE (QUANTITEENLEVEE, NODEMANDE, NOTYPEDECHET) VALUES (50,1,2);
--Row 3
INSERT INTO DETAILDEMANDE (QUANTITEENLEVEE, NODEMANDE, NOTYPEDECHET) VALUES (50,2,2);
--Row 4
INSERT INTO DETAILDEMANDE (QUANTITEENLEVEE, NODEMANDE, NOTYPEDECHET) VALUES (15,3,6);
--Row 5
INSERT INTO DETAILDEMANDE (QUANTITEENLEVEE, NODEMANDE, NOTYPEDECHET) VALUES (55,4,1);
--Row 6
INSERT INTO DETAILDEMANDE (QUANTITEENLEVEE, NODEMANDE, NOTYPEDECHET) VALUES (10,5,12);
--Row 7
INSERT INTO DETAILDEMANDE (QUANTITEENLEVEE, NODEMANDE, NOTYPEDECHET) VALUES (12,6,12);
--Row 8
INSERT INTO DETAILDEMANDE (QUANTITEENLEVEE, NODEMANDE, NOTYPEDECHET) VALUES (100,6,1);
--Row 9
INSERT INTO DETAILDEMANDE (QUANTITEENLEVEE, NODEMANDE, NOTYPEDECHET) VALUES (20,6,2);
--Row 10
INSERT INTO DETAILDEMANDE (QUANTITEENLEVEE, NODEMANDE, NOTYPEDECHET) VALUES (50,7,2);
--Row 11
INSERT INTO DETAILDEMANDE (QUANTITEENLEVEE, NODEMANDE, NOTYPEDECHET) VALUES (60,8,1);
--Row 12
INSERT INTO DETAILDEMANDE (QUANTITEENLEVEE, NODEMANDE, NOTYPEDECHET) VALUES (10,9,6);
--Row 13
INSERT INTO DETAILDEMANDE (QUANTITEENLEVEE, NODEMANDE, NOTYPEDECHET) VALUES (50,10,3);
--Row 14
INSERT INTO DETAILDEMANDE (QUANTITEENLEVEE, NODEMANDE, NOTYPEDECHET) VALUES (50,10,2);
--Row 15
INSERT INTO DETAILDEMANDE (QUANTITEENLEVEE, NODEMANDE, NOTYPEDECHET) VALUES (60,11,1);
--Row 16
INSERT INTO DETAILDEMANDE (QUANTITEENLEVEE, NODEMANDE, NOTYPEDECHET) VALUES (10,12,6);
--Row 17
INSERT INTO DETAILDEMANDE (QUANTITEENLEVEE, NODEMANDE, NOTYPEDECHET) VALUES (20,13,7);
--Row 18
INSERT INTO DETAILDEMANDE (QUANTITEENLEVEE, NODEMANDE, NOTYPEDECHET) VALUES (50,14,1);
--Row 19
INSERT INTO DETAILDEMANDE (QUANTITEENLEVEE, NODEMANDE, NOTYPEDECHET) VALUES (60,15,2);
--Row 20
INSERT INTO DETAILDEMANDE (QUANTITEENLEVEE, NODEMANDE, NOTYPEDECHET) VALUES (20,15,7);
--Row 21
INSERT INTO DETAILDEMANDE (QUANTITEENLEVEE, NODEMANDE, NOTYPEDECHET) VALUES (55,16,11);
--Row 22
INSERT INTO DETAILDEMANDE (QUANTITEENLEVEE, NODEMANDE, NOTYPEDECHET) VALUES (20,17,4);
--Row 23
INSERT INTO DETAILDEMANDE (QUANTITEENLEVEE, NODEMANDE, NOTYPEDECHET) VALUES (20,18,2);
--Row 24
INSERT INTO DETAILDEMANDE (QUANTITEENLEVEE, NODEMANDE, NOTYPEDECHET) VALUES (50,18,8);
--Row 25
INSERT INTO DETAILDEMANDE (QUANTITEENLEVEE, NODEMANDE, NOTYPEDECHET) VALUES (60,18,12);
--Row 26
INSERT INTO DETAILDEMANDE (QUANTITEENLEVEE, NODEMANDE, NOTYPEDECHET) VALUES (100,19,1);
--Row 27
INSERT INTO DETAILDEMANDE (QUANTITEENLEVEE, NODEMANDE, NOTYPEDECHET) VALUES (200,20,2);
--Row 28
INSERT INTO DETAILDEMANDE (QUANTITEENLEVEE, NODEMANDE, NOTYPEDECHET) VALUES (50,20,7);
--Row 29
INSERT INTO DETAILDEMANDE (QUANTITEENLEVEE, NODEMANDE, NOTYPEDECHET) VALUES (60,21,2);
--Row 30
INSERT INTO DETAILDEMANDE (QUANTITEENLEVEE, NODEMANDE, NOTYPEDECHET) VALUES (12,22,6);
--Row 31
INSERT INTO DETAILDEMANDE (QUANTITEENLEVEE, NODEMANDE, NOTYPEDECHET) VALUES (50,23,7);
--Row 32
INSERT INTO DETAILDEMANDE (QUANTITEENLEVEE, NODEMANDE, NOTYPEDECHET) VALUES (20,24,4);
--Row 33
INSERT INTO DETAILDEMANDE (QUANTITEENLEVEE, NODEMANDE, NOTYPEDECHET) VALUES (120,25,1);
--Row 34
INSERT INTO DETAILDEMANDE (QUANTITEENLEVEE, NODEMANDE, NOTYPEDECHET) VALUES (100,26,1);
--Row 35
INSERT INTO DETAILDEMANDE (QUANTITEENLEVEE, NODEMANDE, NOTYPEDECHET) VALUES (20,27,11);
--Row 36
INSERT INTO DETAILDEMANDE (QUANTITEENLEVEE, NODEMANDE, NOTYPEDECHET) VALUES (80,28,2);
--Row 37
INSERT INTO DETAILDEMANDE (QUANTITEENLEVEE, NODEMANDE, NOTYPEDECHET) VALUES (50,29,7);
--Row 38
INSERT INTO DETAILDEMANDE (QUANTITEENLEVEE, NODEMANDE, NOTYPEDECHET) VALUES (60,30,4);
--Row 39
INSERT INTO DETAILDEMANDE (QUANTITEENLEVEE, NODEMANDE, NOTYPEDECHET) VALUES (40,31,8);
--Row 40
INSERT INTO DETAILDEMANDE (QUANTITEENLEVEE, NODEMANDE, NOTYPEDECHET) VALUES (50,32,7);
--Row 41
INSERT INTO DETAILDEMANDE (QUANTITEENLEVEE, NODEMANDE, NOTYPEDECHET) VALUES (20,33,6);
--Row 42
INSERT INTO DETAILDEMANDE (QUANTITEENLEVEE, NODEMANDE, NOTYPEDECHET) VALUES (20,34,12);
--Row 43
INSERT INTO DETAILDEMANDE (QUANTITEENLEVEE, NODEMANDE, NOTYPEDECHET) VALUES (30,35,11);
--Row 44
INSERT INTO DETAILDEMANDE (QUANTITEENLEVEE, NODEMANDE, NOTYPEDECHET) VALUES (15,36,11);
--Row 45
INSERT INTO DETAILDEMANDE (QUANTITEENLEVEE, NODEMANDE, NOTYPEDECHET) VALUES (55,37,4);
--Row 46
INSERT INTO DETAILDEMANDE (QUANTITEENLEVEE, NODEMANDE, NOTYPEDECHET) VALUES (60,38,4);
--Row 47
INSERT INTO DETAILDEMANDE (QUANTITEENLEVEE, NODEMANDE, NOTYPEDECHET) VALUES (100,39,1);
--Row 48
INSERT INTO DETAILDEMANDE (QUANTITEENLEVEE, NODEMANDE, NOTYPEDECHET) VALUES (120,40,1);
--Row 49
INSERT INTO DETAILDEMANDE (QUANTITEENLEVEE, NODEMANDE, NOTYPEDECHET) VALUES (15,41,1);
--Row 10
INSERT INTO DETAILDEPOT (QUANTITEDEPOSEE, NOTOURNEE, NOTYPEDECHET, NOCENTRE) VALUES (30,2,11,2);
--Row 11
INSERT INTO DETAILDEPOT (QUANTITEDEPOSEE, NOTOURNEE, NOTYPEDECHET, NOCENTRE) VALUES (200,3,2,1);
--Row 12
INSERT INTO DETAILDEPOT (QUANTITEDEPOSEE, NOTOURNEE, NOTYPEDECHET, NOCENTRE) VALUES (70,3,2,3);
--Row 13
INSERT INTO DETAILDEPOT (QUANTITEDEPOSEE, NOTOURNEE, NOTYPEDECHET, NOCENTRE) VALUES (215,3,1,1);
--Row 14
INSERT INTO DETAILDEPOT (QUANTITEDEPOSEE, NOTOURNEE, NOTYPEDECHET, NOCENTRE) VALUES (32,3,12,3);
--Row 15
INSERT INTO DETAILDEPOT (QUANTITEDEPOSEE, NOTOURNEE, NOTYPEDECHET, NOCENTRE) VALUES (170,4,2,2);
--Row 16
INSERT INTO DETAILDEPOT (QUANTITEDEPOSEE, NOTOURNEE, NOTYPEDECHET, NOCENTRE) VALUES (120,4,4,2);
--Row 17
INSERT INTO DETAILDEPOT (QUANTITEDEPOSEE, NOTOURNEE, NOTYPEDECHET, NOCENTRE) VALUES (60,4,1,2);
--Row 18
INSERT INTO DETAILDEPOT (QUANTITEDEPOSEE, NOTOURNEE, NOTYPEDECHET, NOCENTRE) VALUES (50,4,3,2);
--Row 19
INSERT INTO DETAILDEPOT (QUANTITEDEPOSEE, NOTOURNEE, NOTYPEDECHET, NOCENTRE) VALUES (10,4,6,2);
--Row 20
INSERT INTO DETAILDEPOT (QUANTITEDEPOSEE, NOTOURNEE, NOTYPEDECHET, NOCENTRE) VALUES (50,4,7,4);
--Row 21
INSERT INTO DETAILDEPOT (QUANTITEDEPOSEE, NOTOURNEE, NOTYPEDECHET, NOCENTRE) VALUES (20,5,7,3);
--Row 22
INSERT INTO DETAILDEPOT (QUANTITEDEPOSEE, NOTOURNEE, NOTYPEDECHET, NOCENTRE) VALUES (20,5,6,3);
--Row 23
INSERT INTO DETAILDEPOT (QUANTITEDEPOSEE, NOTOURNEE, NOTYPEDECHET, NOCENTRE) VALUES (120,5,1,3);
--Row 24
-- INSERT INTO DETAILDEPOT (QUANTITEDEPOSEE, NOTOURNEE, NOTYPEDECHET, NOCENTRE) VALUES (10,5,6,3);
--Row 25
INSERT INTO DETAILDEPOT (QUANTITEDEPOSEE, NOTOURNEE, NOTYPEDECHET, NOCENTRE) VALUES (150,6,1,4);
--Row 26
INSERT INTO DETAILDEPOT (QUANTITEDEPOSEE, NOTOURNEE, NOTYPEDECHET, NOCENTRE) VALUES (12,6,6,4);
--Row 27
INSERT INTO DETAILDEPOT (QUANTITEDEPOSEE, NOTOURNEE, NOTYPEDECHET, NOCENTRE) VALUES (40,6,8,4);
--Row 28
INSERT INTO DETAILDEPOT (QUANTITEDEPOSEE, NOTOURNEE, NOTYPEDECHET, NOCENTRE) VALUES (60,6,2,4);
--Row 29
INSERT INTO DETAILDEPOT (QUANTITEDEPOSEE, NOTOURNEE, NOTYPEDECHET, NOCENTRE) VALUES (20,6,7,4);
--Row 30
INSERT INTO DETAILDEPOT (QUANTITEDEPOSEE, NOTOURNEE, NOTYPEDECHET, NOCENTRE) VALUES (40,7,4,3);
--Row 31
INSERT INTO DETAILDEPOT (QUANTITEDEPOSEE, NOTOURNEE, NOTYPEDECHET, NOCENTRE) VALUES (55,7,11,3);
--Row 32
INSERT INTO DETAILDEPOT (QUANTITEDEPOSEE, NOTOURNEE, NOTYPEDECHET, NOCENTRE) VALUES (100,7,7,5);
--Row 33
INSERT INTO DETAILDEPOT (QUANTITEDEPOSEE, NOTOURNEE, NOTYPEDECHET, NOCENTRE) VALUES (120,7,1,5);
